-- phpMyAdmin SQL Dump
-- version 5.0.2
-- https://www.phpmyadmin.net/
--
-- Host: 127.0.0.1
-- Waktu pembuatan: 18 Des 2020 pada 06.11
-- Versi server: 10.4.13-MariaDB
-- Versi PHP: 7.4.7

SET SQL_MODE = "NO_AUTO_VALUE_ON_ZERO";
START TRANSACTION;
SET time_zone = "+00:00";


/*!40101 SET @OLD_CHARACTER_SET_CLIENT=@@CHARACTER_SET_CLIENT */;
/*!40101 SET @OLD_CHARACTER_SET_RESULTS=@@CHARACTER_SET_RESULTS */;
/*!40101 SET @OLD_COLLATION_CONNECTION=@@COLLATION_CONNECTION */;
/*!40101 SET NAMES utf8mb4 */;

--
-- Database: `tutorinaja`
--

-- --------------------------------------------------------

--
-- Struktur dari tabel `deskripsitutor`
--

CREATE TABLE `deskripsitutor` (
  `id_deskripsi` int(11) NOT NULL,
  `id_tutor` int(11) DEFAULT NULL,
  `perkenalan` varchar(255) DEFAULT NULL,
  `pengalaman` varchar(255) DEFAULT NULL,
  `prestasi` varchar(255) DEFAULT NULL,
  `biaya90menit` decimal(10,0) DEFAULT NULL,
  `biaya120menit` decimal(10,0) DEFAULT NULL,
  `metodengajar` varchar(255) DEFAULT NULL,
  `minatngajar` varchar(255) DEFAULT NULL,
  `minatmapel` varchar(255) DEFAULT NULL
) ENGINE=InnoDB DEFAULT CHARSET=utf8mb4;

--
-- Dumping data untuk tabel `deskripsitutor`
--

INSERT INTO `deskripsitutor` (`id_deskripsi`, `id_tutor`, `perkenalan`, `pengalaman`, `prestasi`, `biaya90menit`, `biaya120menit`, `metodengajar`, `minatngajar`, `minatmapel`) VALUES
(1, 4, 'diriku ini', 'pengalamn mengajar ini', 'prestasi ku ini', '9000', '9000', 'jelaskandeh', 'SMA', 'IPA,Matematika,Geografi'),
(6, 13, 'asdasd', 'asdasdas', 'asdasd', '1231', '123123', 'asdasdasd', 'SD', 'Matematika,Fisika'),
(7, 14, 'perkenalan dirii', 'penglaman ngajarr', 'perstasi ini', '6000', '6000', 'asdasdasd', 'SD,SMP,SMA', 'IPA,IPS,Matematika,Bahasa Inggris,Fisika,Kimia,Biologi,Geografi,Sosiologi,Ekonomi'),
(8, 15, 'asdasd', 'asdasd', 'asdasd', '50000', '50000', 'adasdasdasd', 'SD,SMP,SMA', 'IPS,Matematika,Bahasa Inggris,Fisika'),
(9, 15, 'asdasd', 'asdasd', 'asdasd', '50000', '50000', 'asdasd', 'SD,SMP,SMA', 'IPA,IPS,Matematika,Bahasa Inggris,Fisika,Kimia,Biologi,Geografi,Sosiologi,Ekonomi'),
(10, 15, 'asdasd', 'asdasd', 'asdasd', '50000', '50000', 'Lorem ipsum dolor sit, amet consectetur adipisicing elit. Dolore nobis nulla commodi exercitationem mollitia a enim quos ea? Non architecto beatae magnam voluptas, labore maxime dolorum quo minima modi quis!', 'SD,SMP,SMA', 'IPA,IPS,Matematika,Bahasa Inggris,Fisika,Kimia,Biologi,Geografi,Sosiologi,Ekonomi');

-- --------------------------------------------------------

--
-- Struktur dari tabel `kabupaten`
--

CREATE TABLE `kabupaten` (
  `id` char(4) NOT NULL,
  `name` varchar(255) DEFAULT NULL
) ENGINE=InnoDB DEFAULT CHARSET=utf8mb4;

--
-- Dumping data untuk tabel `kabupaten`
--

INSERT INTO `kabupaten` (`id`, `name`) VALUES
('5101', 'JEMBRANA'),
('5102', 'TABANAN'),
('5103', 'BADUNG'),
('5104', 'GIANYAR'),
('5105', 'KLUNGKUNG'),
('5106', 'BANGLI'),
('5107', 'KARANGASEM'),
('5108', 'BULELENG'),
('5171', 'DENPASAR');

-- --------------------------------------------------------

--
-- Struktur dari tabel `kecamatan`
--

CREATE TABLE `kecamatan` (
  `id` char(7) NOT NULL,
  `id_kabupaten` char(4) DEFAULT NULL,
  `name` varchar(255) DEFAULT NULL
) ENGINE=InnoDB DEFAULT CHARSET=utf8mb4;

--
-- Dumping data untuk tabel `kecamatan`
--

INSERT INTO `kecamatan` (`id`, `id_kabupaten`, `name`) VALUES
('5101010', '5101', 'MELAYA'),
('5101020', '5101', 'NEGARA'),
('5101021', '5101', 'JEMBRANA'),
('5101030', '5101', 'MENDOYO'),
('5101040', '5101', 'PEKUTATAN'),
('5102010', '5102', 'SELEMADEG'),
('5102011', '5102', 'SELEMADEG TIMUR'),
('5102012', '5102', 'SELEMADEG BARAT'),
('5102020', '5102', 'KERAMBITAN'),
('5102030', '5102', 'TABANAN'),
('5102040', '5102', 'KEDIRI'),
('5102050', '5102', 'MARGA'),
('5102060', '5102', 'BATURITI'),
('5102070', '5102', 'PENEBEL'),
('5102080', '5102', 'PUPUAN'),
('5103010', '5103', 'KUTA SELATAN'),
('5103020', '5103', 'KUTA'),
('5103030', '5103', 'KUTA UTARA'),
('5103040', '5103', 'MENGWI'),
('5103050', '5103', 'ABIANSEMAL'),
('5103060', '5103', 'PETANG'),
('5104010', '5104', 'SUKAWATI'),
('5104020', '5104', 'BLAHBATUH'),
('5104030', '5104', 'GIANYAR'),
('5104040', '5104', 'TAMPAKSIRING'),
('5104050', '5104', 'UBUD'),
('5104060', '5104', 'TEGALLALANG'),
('5104070', '5104', 'PAYANGAN'),
('5105010', '5105', 'NUSAPENIDA'),
('5105020', '5105', 'BANJARANGKAN'),
('5105030', '5105', 'KLUNGKUNG'),
('5105040', '5105', 'DAWAN'),
('5106010', '5106', 'SUSUT'),
('5106020', '5106', 'BANGLI'),
('5106030', '5106', 'TEMBUKU'),
('5106040', '5106', 'KINTAMANI'),
('5107010', '5107', 'RENDANG'),
('5107020', '5107', 'SIDEMEN'),
('5107030', '5107', 'MANGGIS'),
('5107040', '5107', 'KARANGASEM'),
('5107050', '5107', 'ABANG'),
('5107060', '5107', 'BEBANDEM'),
('5107070', '5107', 'SELAT'),
('5107080', '5107', 'KUBU'),
('5108010', '5108', 'GEROKGAK'),
('5108020', '5108', 'SERIRIT'),
('5108030', '5108', 'BUSUNGBIU'),
('5108040', '5108', 'BANJAR'),
('5108050', '5108', 'SUKASADA'),
('5108060', '5108', 'BULELENG'),
('5108070', '5108', 'SAWAN'),
('5108080', '5108', 'KUBUTAMBAHAN'),
('5108090', '5108', 'TEJAKULA'),
('5171010', '5171', 'DENPASAR SELATAN'),
('5171020', '5171', 'DENPASAR TIMUR'),
('5171030', '5171', 'DENPASAR BARAT'),
('5171031', '5171', 'DENPASAR UTARA');

-- --------------------------------------------------------

--
-- Struktur dari tabel `kelurahan`
--

CREATE TABLE `kelurahan` (
  `id` char(10) NOT NULL,
  `id_kecamatan` char(7) DEFAULT NULL,
  `name` varchar(255) DEFAULT NULL
) ENGINE=InnoDB DEFAULT CHARSET=utf8mb4;

--
-- Dumping data untuk tabel `kelurahan`
--

INSERT INTO `kelurahan` (`id`, `id_kecamatan`, `name`) VALUES
('5101010001', '5101010', 'GILIMANUK'),
('5101010002', '5101010', 'MELAYA'),
('5101010003', '5101010', 'CANDIKUSUMA'),
('5101010005', '5101010', 'TUKADAYA'),
('5101010006', '5101010', 'MANISTUTU'),
('5101010007', '5101010', 'WARNASARI'),
('5101010008', '5101010', 'NUSA SARI'),
('5101010009', '5101010', 'EKASARI'),
('5101010010', '5101010', 'BLIMBINGSARI'),
('5101020002', '5101020', 'TEGAL BADENG BARAT'),
('5101020003', '5101020', 'TEGAL BADENG TIMUR'),
('5101020004', '5101020', 'PENGAMBENGAN'),
('5101020012', '5101020', 'LOLOAN BARAT'),
('5101020013', '5101020', 'LELATENG'),
('5101020014', '5101020', 'BANJAR TENGAH'),
('5101020015', '5101020', 'BALUK'),
('5101020016', '5101020', 'BANYUBIRU'),
('5101020017', '5101020', 'KALIAKAH'),
('5101020018', '5101020', 'BERANGBANG'),
('5101020019', '5101020', 'BALER BALE AGUNG'),
('5101021001', '5101021', 'PERANCAK'),
('5101021002', '5101021', 'AIR KUNING'),
('5101021003', '5101021', 'YEH KUNING'),
('5101021005', '5101021', 'SANGKARAGUNG'),
('5101021006', '5101021', 'DAUHWARU'),
('5101021007', '5101021', 'LOLOAN TIMUR'),
('5101021009', '5101021', 'BATUAGUNG'),
('5101021010', '5101021', 'DANGIN TUKADAYA'),
('5101030001', '5101030', 'MENDOYO DAUH TUKAD'),
('5101030002', '5101030', 'MENDOYO DANGIN TUKAD'),
('5101030003', '5101030', 'POHSANTEN'),
('5101030005', '5101030', 'DELOD BERAWAH'),
('5101030006', '5101030', 'TEGAL CANGKRING'),
('5101030007', '5101030', 'PENYARINGAN'),
('5101030008', '5101030', 'YEH EMBANG KAUH'),
('5101030009', '5101030', 'YEH EMBANG'),
('5101030010', '5101030', 'YEH EMBANG KANGIN'),
('5101040001', '5101040', 'MEDEWI'),
('5101040002', '5101040', 'PULUKAN'),
('5101040003', '5101040', 'PEKUTATAN'),
('5101040004', '5101040', 'PANGYANGAN'),
('5101040005', '5101040', 'GUMBRIH'),
('5101040006', '5101040', 'PENGERAGOAN'),
('5101040007', '5101040', 'ASAHDUREN'),
('5101040008', '5101040', 'MANGGISSARI'),
('5102010002', '5102010', 'ANTAP'),
('5102010004', '5102010', 'BAJERA'),
('5102010006', '5102010', 'SERAMPINGAN'),
('5102010014', '5102010', 'SELEMADEG'),
('5102010015', '5102010', 'PUPUAN SAWAH'),
('5102010018', '5102010', 'WANAGIRI'),
('5102010024', '5102010', 'WANAGIRI KAUH'),
('5102010025', '5102010', 'MANIKYANG'),
('5102010026', '5102010', 'BAJERA UTARA'),
('5102011001', '5102011', 'TEGAL MENGKEB'),
('5102011002', '5102011', 'BERABAN'),
('5102011003', '5102011', 'TANGGUNTITI'),
('5102011004', '5102011', 'MAMBANG'),
('5102011005', '5102011', 'BANTAS'),
('5102011006', '5102011', 'MEGATI'),
('5102011007', '5102011', 'GADUNGAN'),
('5102011008', '5102011', 'GUNUNG SALAK'),
('5102011009', '5102011', 'DALANG'),
('5102011010', '5102011', 'GADUNG SARI'),
('5102012001', '5102012', 'LALANG LINGGAH'),
('5102012002', '5102012', 'ANTOSARI'),
('5102012003', '5102012', 'TIYING GADING'),
('5102012005', '5102012', 'LUMBUNG KAUH'),
('5102012007', '5102012', 'MUNDEH KANGIN'),
('5102012008', '5102012', 'ANGKAH'),
('5102012009', '5102012', 'MUNDEH KAUH'),
('5102012010', '5102012', 'SELABIH'),
('5102012011', '5102012', 'BENGKEL SARI'),
('5102020001', '5102020', 'TIBUBIYU'),
('5102020002', '5102020', 'KELATING'),
('5102020003', '5102020', 'PENARUKAN'),
('5102020004', '5102020', 'BELUMBANG'),
('5102020005', '5102020', 'TISTA'),
('5102020006', '5102020', 'KERAMBITAN'),
('5102020007', '5102020', 'PANGKUNG KARUNG'),
('5102020009', '5102020', 'BATURITI'),
('5102020010', '5102020', 'MELILING'),
('5102020012', '5102020', 'SAMSAM'),
('5102020013', '5102020', 'BATUAJI'),
('5102020014', '5102020', 'KESIUT'),
('5102020015', '5102020', 'TIMPAG'),
('5102030001', '5102030', 'SUDIMARA'),
('5102030002', '5102030', 'BONGAN'),
('5102030004', '5102030', 'DAUH PEKEN'),
('5102030005', '5102030', 'DELOD PEKEN'),
('5102030006', '5102030', 'DAJAN PEKEN'),
('5102030007', '5102030', 'SUBAMIA'),
('5102030008', '5102030', 'DENBANTAS'),
('5102030009', '5102030', 'BUAHAN'),
('5102030011', '5102030', 'WANASARI'),
('5102030012', '5102030', 'SESANDAN'),
('5102040001', '5102040', 'PANGKUNG TIBAH'),
('5102040002', '5102040', 'BELALANG'),
('5102040003', '5102040', 'BERABAN'),
('5102040004', '5102040', 'BUWIT'),
('5102040005', '5102040', 'CEPAKA'),
('5102040006', '5102040', 'KABA-KABA'),
('5102040007', '5102040', 'PANDAK GEDE'),
('5102040009', '5102040', 'PEJATEN'),
('5102040010', '5102040', 'NYITDAH'),
('5102040011', '5102040', 'PANDAK BANDUNG'),
('5102040012', '5102040', 'NYAMBU'),
('5102040013', '5102040', 'KEDIRI'),
('5102040014', '5102040', 'ABIAN TUWUNG'),
('5102040015', '5102040', 'BANJAR ANYAR'),
('5102050001', '5102050', 'TEGALJADI'),
('5102050003', '5102050', 'BERINGKIT BELAYU'),
('5102050004', '5102050', 'PEKEN BELAYU'),
('5102050005', '5102050', 'BATANNYUH'),
('5102050007', '5102050', 'CAUBELAYU'),
('5102050008', '5102050', 'SELANBAWAK'),
('5102050009', '5102050', 'MARGA'),
('5102050010', '5102050', 'PETIGA'),
('5102050011', '5102050', 'TUA'),
('5102050012', '5102050', 'PAYANGAN'),
('5102050013', '5102050', 'DAUH PURI'),
('5102050014', '5102050', 'DAJAN PURI'),
('5102050016', '5102050', 'BARU'),
('5102060001', '5102060', 'PEREAN'),
('5102060002', '5102060', 'PEREAN TENGAH'),
('5102060003', '5102060', 'PEREAN KANGIN'),
('5102060005', '5102060', 'MEKARSARI'),
('5102060006', '5102060', 'APUAN'),
('5102060007', '5102060', 'ANGSERI'),
('5102060008', '5102060', 'BANGLI'),
('5102060009', '5102060', 'BATURITI'),
('5102060010', '5102060', 'BATUNYA'),
('5102060011', '5102060', 'ANTAPAN'),
('5102060012', '5102060', 'CANDIKUNING'),
('5102070001', '5102070', 'REJASA'),
('5102070003', '5102070', 'RIANG GEDE'),
('5102070004', '5102070', 'BURUAN'),
('5102070005', '5102070', 'TAJEN'),
('5102070006', '5102070', 'PITRA'),
('5102070007', '5102070', 'PENATAHAN'),
('5102070008', '5102070', 'TENGKUDAK'),
('5102070011', '5102070', 'BIAUNG'),
('5102070012', '5102070', 'BABAHAN'),
('5102070013', '5102070', 'SENGANAN'),
('5102070014', '5102070', 'JATILUWIH'),
('5102070015', '5102070', 'WONGAYA GEDE'),
('5102070016', '5102070', 'PESAGI'),
('5102070017', '5102070', 'TEGALINGGAH'),
('5102070018', '5102070', 'SANGKETAN'),
('5102080001', '5102080', 'BELATUNGAN'),
('5102080002', '5102080', 'KEBON PADANGAN'),
('5102080003', '5102080', 'BELIMBING'),
('5102080004', '5102080', 'SANDA'),
('5102080005', '5102080', 'BATUNGSEL'),
('5102080006', '5102080', 'PUJUNGAN'),
('5102080007', '5102080', 'PAJAHAN'),
('5102080009', '5102080', 'PUPUAN'),
('5102080010', '5102080', 'BANTIRAN'),
('5102080011', '5102080', 'PADANGAN'),
('5102080012', '5102080', 'JELIJIH PUNGGANG'),
('5102080013', '5102080', 'KARYA SARI'),
('5102080014', '5102080', 'SAI'),
('5103010001', '5103010', 'PECATU'),
('5103010002', '5103010', 'UNGASAN'),
('5103010004', '5103010', 'BENOA'),
('5103010005', '5103010', 'TANJUNG BENOA'),
('5103010006', '5103010', 'JIMBARAN'),
('5103020001', '5103020', 'KEDONGANAN'),
('5103020002', '5103020', 'TUBAN'),
('5103020003', '5103020', 'KUTA'),
('5103020004', '5103020', 'LEGIAN'),
('5103020005', '5103020', 'SEMINYAK'),
('5103030001', '5103030', 'KEROBOKAN KELOD'),
('5103030002', '5103030', 'KEROBOKAN'),
('5103030003', '5103030', 'KEROBOKAN KAJA'),
('5103030004', '5103030', 'TIBUBENENG'),
('5103030005', '5103030', 'CANGGU'),
('5103030006', '5103030', 'DALUNG'),
('5103040001', '5103040', 'CEMAGI'),
('5103040003', '5103040', 'PERERENAN'),
('5103040004', '5103040', 'TUMBAK BAYUH'),
('5103040006', '5103040', 'ABIANBASE'),
('5103040007', '5103040', 'SEMPIDI'),
('5103040008', '5103040', 'SADING'),
('5103040010', '5103040', 'KAPAL'),
('5103040011', '5103040', 'KEKERAN'),
('5103040012', '5103040', 'MENGWITANI'),
('5103040013', '5103040', 'MENGWI'),
('5103040014', '5103040', 'GULINGAN'),
('5103040015', '5103040', 'PENARUNGAN'),
('5103040016', '5103040', 'BAHA'),
('5103040017', '5103040', 'WERDI BHUWANA'),
('5103040018', '5103040', 'SOBANGAN'),
('5103050001', '5103050', 'DARMASABA'),
('5103050002', '5103050', 'SIBANG GEDE'),
('5103050003', '5103050', 'JAGAPATI'),
('5103050004', '5103050', 'ANGANTAKA'),
('5103050005', '5103050', 'SEDANG'),
('5103050006', '5103050', 'SIBANG KAJA'),
('5103050007', '5103050', 'MEKAR BHUANA'),
('5103050008', '5103050', 'MAMBAL'),
('5103050009', '5103050', 'ABIANSEMAL'),
('5103050010', '5103050', 'DAUH YEH CANI'),
('5103050011', '5103050', 'AYUNAN'),
('5103050012', '5103050', 'BLAHKIUH'),
('5103050014', '5103050', 'BONGKASA'),
('5103050015', '5103050', 'TAMAN'),
('5103050016', '5103050', 'SELAT'),
('5103050017', '5103050', 'SANGEH'),
('5103050018', '5103050', 'BONGKASA PERTIWI'),
('5103060001', '5103060', 'CARANGSARI'),
('5103060002', '5103060', 'GETASAN'),
('5103060003', '5103060', 'PANGSAN'),
('5103060004', '5103060', 'PETANG'),
('5103060005', '5103060', 'SULANGAI'),
('5103060006', '5103060', 'PELAGA'),
('5103060007', '5103060', 'BELOK/SIDAN'),
('5104010001', '5104010', 'BATUBULAN'),
('5104010002', '5104010', 'BATUBULAN KANGIN'),
('5104010004', '5104010', 'GUWANG'),
('5104010005', '5104010', 'SUKAWATI'),
('5104010007', '5104010', 'SINGAPADU'),
('5104010008', '5104010', 'SINGAPADU TENGAH'),
('5104010009', '5104010', 'SINGAPADU KALER'),
('5104010010', '5104010', 'BATUAN'),
('5104010011', '5104010', 'BATUAN KALER'),
('5104020001', '5104020', 'SABA'),
('5104020002', '5104020', 'PERING'),
('5104020003', '5104020', 'KERAMAS'),
('5104020004', '5104020', 'MEDAHAN'),
('5104020005', '5104020', 'BONA'),
('5104020006', '5104020', 'BELEGA'),
('5104020007', '5104020', 'BLAHBATUH'),
('5104020008', '5104020', 'BURUAN'),
('5104030001', '5104030', 'LEBIH'),
('5104030002', '5104030', 'TULIKUP'),
('5104030003', '5104030', 'TEMESI'),
('5104030004', '5104030', 'SIDAN'),
('5104030005', '5104030', 'SAMPLANGAN'),
('5104030006', '5104030', 'SERONGGA'),
('5104030007', '5104030', 'ABIANBASE'),
('5104030008', '5104030', 'GIANYAR'),
('5104030010', '5104030', 'BITERA'),
('5104030011', '5104030', 'BAKBAKAN'),
('5104030012', '5104030', 'SIANGAN'),
('5104030013', '5104030', 'SUWAT'),
('5104030014', '5104030', 'PETAK'),
('5104030015', '5104030', 'PETAK KAJA'),
('5104030016', '5104030', 'SUMITA'),
('5104030017', '5104030', 'TEGAL TUGU'),
('5104040001', '5104040', 'PEJENG KAWAN'),
('5104040003', '5104040', 'PEJENG KELOD'),
('5104040004', '5104040', 'PEJENG KANGIN'),
('5104040005', '5104040', 'PEJENG KAJA'),
('5104040006', '5104040', 'SANDING'),
('5104040007', '5104040', 'TAMPAKSIRING'),
('5104040008', '5104040', 'MANUKAYA'),
('5104050001', '5104050', 'SINGEKERTA'),
('5104050002', '5104050', 'LODTUNDUH'),
('5104050003', '5104050', 'MAS'),
('5104050004', '5104050', 'PELIATAN'),
('5104050007', '5104050', 'SAYAN'),
('5104050008', '5104050', 'KEDEWATAN'),
('5104060001', '5104060', 'KELIKI'),
('5104060002', '5104060', 'TEGALLALANG'),
('5104060003', '5104060', 'KENDERAN'),
('5104060004', '5104060', 'KEDISAN'),
('5104060005', '5104060', 'PUPUAN'),
('5104060006', '5104060', 'SEBATU'),
('5104060007', '5104060', 'TARO'),
('5104070001', '5104070', 'MELINGGIH KELOD'),
('5104070002', '5104070', 'MELINGGIH'),
('5104070003', '5104070', 'KELUSA'),
('5104070004', '5104070', 'BERESELA'),
('5104070005', '5104070', 'BUKIAN'),
('5104070007', '5104070', 'BUAHAN'),
('5104070008', '5104070', 'BUAHAN KAJA'),
('5104070009', '5104070', 'KERTA'),
('5105010001', '5105010', 'SAKTI'),
('5105010002', '5105010', 'BUNGA MEKAR'),
('5105010003', '5105010', 'BATUMADEG'),
('5105010005', '5105010', 'BATUKANDIK'),
('5105010006', '5105010', 'SEKARTAJI'),
('5105010007', '5105010', 'TANGLAD'),
('5105010008', '5105010', 'PEJUKUTAN'),
('5105010009', '5105010', 'SUANA'),
('5105010010', '5105010', 'BATUNUNGGUL'),
('5105010011', '5105010', 'KUTAMPI'),
('5105010012', '5105010', 'KUTAMPI KALER'),
('5105010014', '5105010', 'KAMPUNG TOYAPAKEH'),
('5105010015', '5105010', 'LEMBONGAN'),
('5105010016', '5105010', 'JUNGUTBATU'),
('5105020001', '5105020', 'NEGARI'),
('5105020002', '5105020', 'TAKMUNG'),
('5105020003', '5105020', 'BANJARANGKAN'),
('5105020004', '5105020', 'TUSAN'),
('5105020005', '5105020', 'BAKAS'),
('5105020006', '5105020', 'GETAKAN'),
('5105020007', '5105020', 'TIHINGAN'),
('5105020008', '5105020', 'AAN'),
('5105020009', '5105020', 'NYALIAN'),
('5105020010', '5105020', 'BUNGBUNGAN'),
('5105020011', '5105020', 'TIMUHUN'),
('5105020012', '5105020', 'NYANGLAN'),
('5105020013', '5105020', 'TOHPATI'),
('5105030001', '5105030', 'SATRA'),
('5105030002', '5105030', 'TOJAN'),
('5105030004', '5105030', 'KAMPUNG GELGEL'),
('5105030005', '5105030', 'JUMPAI'),
('5105030006', '5105030', 'TANGKAS'),
('5105030007', '5105030', 'KAMASAN'),
('5105030008', '5105030', 'SEMARAPURA KELOD'),
('5105030009', '5105030', 'SEMARAPURA KELOD KANGIN'),
('5105030010', '5105030', 'SEMARAPURA KANGIN'),
('5105030011', '5105030', 'SEMARAPURA TENGAH'),
('5105030012', '5105030', 'SEMARAPURA KAUH'),
('5105030013', '5105030', 'SEMARAPURA KAJA'),
('5105030014', '5105030', 'AKAH'),
('5105030015', '5105030', 'MANDUANG'),
('5105030016', '5105030', 'SELAT'),
('5105030017', '5105030', 'TEGAK'),
('5105030018', '5105030', 'SELISIHAN'),
('5105040001', '5105040', 'KUSAMBA'),
('5105040002', '5105040', 'KAMPUNG KUSAMBA'),
('5105040003', '5105040', 'PESINGGAHAN'),
('5105040004', '5105040', 'DAWAN KLOD'),
('5105040005', '5105040', 'GUNAKSA'),
('5105040006', '5105040', 'SAMPALAN KLOD'),
('5105040007', '5105040', 'SAMPALAN TENGAH'),
('5105040008', '5105040', 'SULANG'),
('5105040009', '5105040', 'PAKSEBALI'),
('5105040010', '5105040', 'DAWAN KALER'),
('5105040011', '5105040', 'PIKAT'),
('5105040012', '5105040', 'BESAN'),
('5106010001', '5106010', 'APUAN'),
('5106010002', '5106010', 'ABUAN'),
('5106010003', '5106010', 'DEMULIH'),
('5106010005', '5106010', 'SULAHAN'),
('5106010006', '5106010', 'TIGA'),
('5106010007', '5106010', 'PENGLUMBARAN'),
('5106010008', '5106010', 'SELAT'),
('5106010009', '5106010', 'PENGIANGAN'),
('5106020001', '5106020', 'BUNUTIN'),
('5106020002', '5106020', 'TAMAN BALI'),
('5106020003', '5106020', 'BEBALANG'),
('5106020004', '5106020', 'KAWAN'),
('5106020005', '5106020', 'CEMPAGA'),
('5106020007', '5106020', 'KAYUBIHI'),
('5106020008', '5106020', 'PENGOTAN'),
('5106020009', '5106020', 'LANDIH'),
('5106030003', '5106030', 'YANGAPI'),
('5106030004', '5106030', 'UNDISAN'),
('5106030005', '5106030', 'BANGBANG'),
('5106030006', '5106030', 'PENINJOAN'),
('5106040001', '5106040', 'MENGANI'),
('5106040002', '5106040', 'BINYAN'),
('5106040003', '5106040', 'ULIAN'),
('5106040004', '5106040', 'BUNUTIN'),
('5106040005', '5106040', 'LANGGAHAN'),
('5106040006', '5106040', 'LEMBEAN'),
('5106040007', '5106040', 'BAYUNGCERIK'),
('5106040008', '5106040', 'MANGGUH'),
('5106040009', '5106040', 'BELANCAN'),
('5106040010', '5106040', 'KATUNG'),
('5106040011', '5106040', 'BANUA'),
('5106040012', '5106040', 'ABUAN'),
('5106040013', '5106040', 'BONYOH'),
('5106040014', '5106040', 'SEKAAN'),
('5106040015', '5106040', 'BAYUNG GEDE'),
('5106040016', '5106040', 'SEKARDADI'),
('5106040017', '5106040', 'KEDISAN'),
('5106040018', '5106040', 'BUAHAN'),
('5106040020', '5106040', 'ABANG BATU DINDING'),
('5106040021', '5106040', 'ABANG SONGAN'),
('5106040022', '5106040', 'TERUNYAN'),
('5106040023', '5106040', 'SONGAN B'),
('5106040024', '5106040', 'SONGAN A'),
('5106040025', '5106040', 'BATUR SELATAN'),
('5106040026', '5106040', 'BATUR TENGAH'),
('5106040027', '5106040', 'BATUR UTARA'),
('5106040028', '5106040', 'KINTAMANI'),
('5106040029', '5106040', 'SERAHI'),
('5106040030', '5106040', 'MANIKLIYU'),
('5106040031', '5106040', 'AWAN'),
('5106040032', '5106040', 'BELANTIH'),
('5106040033', '5106040', 'GUNUNGBAU'),
('5106040034', '5106040', 'BELANGA'),
('5106040035', '5106040', 'BATUKAANG'),
('5106040036', '5106040', 'CATUR'),
('5106040037', '5106040', 'PENGEJARAN'),
('5106040038', '5106040', 'SATRA'),
('5106040040', '5106040', 'DAUSA'),
('5106040041', '5106040', 'DAUP'),
('5106040042', '5106040', 'BANTANG'),
('5106040044', '5106040', 'SUKAWANA'),
('5106040045', '5106040', 'SUBAYA'),
('5106040046', '5106040', 'SIYAKIN'),
('5106040047', '5106040', 'PINGGAN'),
('5106040048', '5106040', 'BELANDINGAN'),
('5107010001', '5107010', 'PESABAN'),
('5107010002', '5107010', 'NONGAN'),
('5107010003', '5107010', 'RENDANG'),
('5107010004', '5107010', 'MENANGA'),
('5107010005', '5107010', 'BESAKIH'),
('5107010006', '5107010', 'PEMPATAN'),
('5107020001', '5107020', 'TANGKUP'),
('5107020002', '5107020', 'TALIBENG'),
('5107020003', '5107020', 'TELAGA TAWANG'),
('5107020004', '5107020', 'SIDEMEN'),
('5107020005', '5107020', 'SINDU WATI'),
('5107020006', '5107020', 'SANGKAN GUNUNG'),
('5107020007', '5107020', 'LOKA SARI'),
('5107020008', '5107020', 'KERTHA BUANA'),
('5107020009', '5107020', 'TRI EKA BUANA'),
('5107020010', '5107020', 'WISMA KERTA'),
('5107030001', '5107030', 'ANTIGA'),
('5107030002', '5107030', 'GEGELANG'),
('5107030003', '5107030', 'PADANGBAI'),
('5107030004', '5107030', 'ULAKAN'),
('5107030005', '5107030', 'MANGGIS'),
('5107030007', '5107030', 'NGIS'),
('5107030009', '5107030', 'TENGANAN'),
('5107030010', '5107030', 'ANTIGA KELOD'),
('5107030011', '5107030', 'SENGKIDU'),
('5107030012', '5107030', 'PESEDAHAN'),
('5107040002', '5107040', 'PERTIMA'),
('5107040003', '5107040', 'SUBAGAN'),
('5107040004', '5107040', 'PADANG KERTA'),
('5107040005', '5107040', 'KARANGASEM'),
('5107040007', '5107040', 'TEGALLINGGAH'),
('5107040008', '5107040', 'BUKIT'),
('5107040009', '5107040', 'SERAYA BARAT'),
('5107040010', '5107040', 'SERAYA'),
('5107040011', '5107040', 'SERAYA TIMUR'),
('5107050001', '5107050', 'ABABI'),
('5107050002', '5107050', 'TIYINGTALI'),
('5107050003', '5107050', 'ABANG'),
('5107050004', '5107050', 'PIDPID'),
('5107050005', '5107050', 'NAWAKERTI'),
('5107050006', '5107050', 'KESIMPAR'),
('5107050007', '5107050', 'TISTA'),
('5107050008', '5107050', 'KERTA MANDALA'),
('5107050009', '5107050', 'CULIK'),
('5107050010', '5107050', 'DATAH'),
('5107050011', '5107050', 'LABA SARI'),
('5107050012', '5107050', 'PURWAKERTI'),
('5107050013', '5107050', 'BUNUTAN'),
('5107050014', '5107050', 'TRI BUANA'),
('5107060001', '5107060', 'SIBETAN'),
('5107060002', '5107060', 'BEBANDEM'),
('5107060003', '5107060', 'BUNGAYA'),
('5107060004', '5107060', 'BUNGAYA KANGIN'),
('5107060005', '5107060', 'BUDAKELING'),
('5107060006', '5107060', 'BHUANA GIRI'),
('5107060007', '5107060', 'JUNGUTAN'),
('5107060008', '5107060', 'MACANG'),
('5107070001', '5107070', 'MUNCAN'),
('5107070002', '5107070', 'PERING SARI'),
('5107070003', '5107070', 'SELAT'),
('5107070004', '5107070', 'DUDA'),
('5107070005', '5107070', 'DUDA TIMUR'),
('5107070006', '5107070', 'DUDA UTARA'),
('5107070007', '5107070', 'SEBUDI'),
('5107070008', '5107070', 'AMERTA BHUANA'),
('5107080001', '5107080', 'BAN'),
('5107080003', '5107080', 'TULAMBEN'),
('5107080005', '5107080', 'BATURINGGIT'),
('5107080006', '5107080', 'SUKADANA'),
('5107080007', '5107080', 'TIANYAR'),
('5107080008', '5107080', 'TIANYAR TENGAH'),
('5107080009', '5107080', 'TIANYAR BARAT'),
('5108010001', '5108010', 'SUMBER KLAMPOK'),
('5108010002', '5108010', 'PEJARAKAN'),
('5108010003', '5108010', 'SUMBERKIMA'),
('5108010004', '5108010', 'PEMUTERAN'),
('5108010005', '5108010', 'BANYUPOH'),
('5108010006', '5108010', 'PENYABANGAN'),
('5108010007', '5108010', 'MUSI'),
('5108010008', '5108010', 'SANGGALANGIT'),
('5108010009', '5108010', 'GEROKGAK'),
('5108010010', '5108010', 'PATAS'),
('5108010011', '5108010', 'PENGULON'),
('5108010012', '5108010', 'TINGA TINGA'),
('5108010013', '5108010', 'CELUKAN BAWANG'),
('5108010014', '5108010', 'TUKAD SUMAGA'),
('5108020001', '5108020', 'UNGGAHAN'),
('5108020002', '5108020', 'GUNUNGSARI'),
('5108020003', '5108020', 'MUNDUK BESTALA'),
('5108020004', '5108020', 'BESTALA'),
('5108020005', '5108020', 'MAYONG'),
('5108020006', '5108020', 'RANGDU'),
('5108020007', '5108020', 'ULARAN'),
('5108020008', '5108020', 'RINGDIKIT'),
('5108020009', '5108020', 'JOANYAR'),
('5108020010', '5108020', 'KALIANGET'),
('5108020011', '5108020', 'TANGGUWISIA'),
('5108020012', '5108020', 'SULANYAH'),
('5108020013', '5108020', 'BUBUNAN'),
('5108020014', '5108020', 'SERIRIT'),
('5108020015', '5108020', 'PENGASTULAN'),
('5108020016', '5108020', 'PATEMON'),
('5108020017', '5108020', 'LOKAPAKSA'),
('5108020018', '5108020', 'UMEANYAR'),
('5108020019', '5108020', 'BANJAR ASEM'),
('5108020020', '5108020', 'KALISADA'),
('5108020021', '5108020', 'PANGKUNGPARUK'),
('5108030001', '5108030', 'SEPANG KELOD'),
('5108030002', '5108030', 'TISTA'),
('5108030003', '5108030', 'BONGANCINA'),
('5108030004', '5108030', 'PUCAKSARI'),
('5108030005', '5108030', 'SEPANG'),
('5108030006', '5108030', 'TELAGA'),
('5108030007', '5108030', 'TITAB'),
('5108030008', '5108030', 'KEKERAN'),
('5108030009', '5108030', 'BUSUNGBIU'),
('5108030010', '5108030', 'PELAPUAN'),
('5108030012', '5108030', 'TINGGARSARI'),
('5108030013', '5108030', 'KEDIS'),
('5108030015', '5108030', 'UMEJERO'),
('5108040001', '5108040', 'BANYUATIS'),
('5108040002', '5108040', 'GESING'),
('5108040004', '5108040', 'GOBLEG'),
('5108040005', '5108040', 'KAYUPUTIH'),
('5108040006', '5108040', 'TIRTASARI'),
('5108040007', '5108040', 'BANYUSRI'),
('5108040008', '5108040', 'PEDAWA'),
('5108040009', '5108040', 'TIGAWASA'),
('5108040010', '5108040', 'CEMPAGA'),
('5108040011', '5108040', 'SIDETAPA'),
('5108040012', '5108040', 'TAMPEKAN'),
('5108040013', '5108040', 'BANJAR TEGEHA'),
('5108040014', '5108040', 'BANJAR'),
('5108040015', '5108040', 'DENCARIK'),
('5108040017', '5108040', 'KALIASEM'),
('5108050001', '5108050', 'PANCASARI'),
('5108050002', '5108050', 'WANAGIRI'),
('5108050003', '5108050', 'AMBENGAN'),
('5108050004', '5108050', 'GITGIT'),
('5108050005', '5108050', 'PEGAYAMAN'),
('5108050006', '5108050', 'SILANGJANA'),
('5108050007', '5108050', 'PEGADUNGAN'),
('5108050008', '5108050', 'PADANGBULIA'),
('5108050009', '5108050', 'SUKASADA'),
('5108050010', '5108050', 'SAMBANGAN'),
('5108050011', '5108050', 'PANJI'),
('5108050012', '5108050', 'PANJI ANOM'),
('5108050013', '5108050', 'TEGAL LINGGAH'),
('5108050014', '5108050', 'SELAT'),
('5108050015', '5108050', 'KAYUPUTIH'),
('5108060001', '5108060', 'KALIBUKBUK'),
('5108060002', '5108060', 'ANTURAN'),
('5108060003', '5108060', 'TUKADMUNGGA'),
('5108060004', '5108060', 'PEMARON'),
('5108060005', '5108060', 'BAKTISERAGA'),
('5108060006', '5108060', 'BANYUASRI'),
('5108060007', '5108060', 'BANJAR TEGAL'),
('5108060008', '5108060', 'PAKET AGUNG'),
('5108060009', '5108060', 'BERATAN'),
('5108060010', '5108060', 'LILIGUNDI'),
('5108060011', '5108060', 'KAMPUNG SINGARAJA'),
('5108060012', '5108060', 'KENDRAN'),
('5108060013', '5108060', 'ASTINA'),
('5108060014', '5108060', 'BANJAR JAWA'),
('5108060015', '5108060', 'BANJAR BALI'),
('5108060016', '5108060', 'KAMPUNG KAJANAN'),
('5108060017', '5108060', 'KALIUNTU'),
('5108060018', '5108060', 'KAMPUNG ANYAR'),
('5108060019', '5108060', 'KAMPUNG BUGIS'),
('5108060020', '5108060', 'KAMPUNG BARU'),
('5108060021', '5108060', 'BANYUNING'),
('5108060022', '5108060', 'PENARUKAN'),
('5108060023', '5108060', 'JINENGDALEM'),
('5108060024', '5108060', 'PENGLATAN'),
('5108060025', '5108060', 'PETANDAKAN'),
('5108060026', '5108060', 'SARI MEKAR'),
('5108060027', '5108060', 'NAGASEPAHA'),
('5108060028', '5108060', 'ALASANGKER'),
('5108060029', '5108060', 'POH BERGONG'),
('5108070001', '5108070', 'LEMUKIH'),
('5108070002', '5108070', 'GALUNGAN'),
('5108070004', '5108070', 'BEBETIN'),
('5108070005', '5108070', 'SUDAJI'),
('5108070006', '5108070', 'SAWAN'),
('5108070007', '5108070', 'MENYALI'),
('5108070009', '5108070', 'JAGARAGA'),
('5108070010', '5108070', 'SINABUN'),
('5108070011', '5108070', 'KEROBOKAN'),
('5108070012', '5108070', 'SANGSIT'),
('5108070013', '5108070', 'BUNGKULAN'),
('5108070014', '5108070', 'GIRI EMAS'),
('5108080001', '5108080', 'TAMBAKAN'),
('5108080002', '5108080', 'PAKISAN'),
('5108080003', '5108080', 'BONTIHING'),
('5108080004', '5108080', 'TAJUN'),
('5108080006', '5108080', 'DEPEHA'),
('5108080007', '5108080', 'BULIAN'),
('5108080008', '5108080', 'TAMBLANG'),
('5108080009', '5108080', 'BILA'),
('5108080010', '5108080', 'BENGKALA'),
('5108080011', '5108080', 'KUBUTAMBAHAN'),
('5108080012', '5108080', 'BUKTI'),
('5108080013', '5108080', 'MENGENING'),
('5108090001', '5108090', 'SEMBIRAN'),
('5108090002', '5108090', 'PACUNG'),
('5108090003', '5108090', 'JULAH'),
('5108090004', '5108090', 'BONDALEM'),
('5108090005', '5108090', 'MADENAN'),
('5108090006', '5108090', 'TEJAKULA'),
('5108090008', '5108090', 'PENUKTUKAN'),
('5108090009', '5108090', 'SAMBIRENTENG'),
('5108090010', '5108090', 'TEMBOK'),
('5171010001', '5171010', 'PEMOGAN'),
('5171010002', '5171010', 'PEDUNGAN'),
('5171010003', '5171010', 'SESETAN'),
('5171010004', '5171010', 'SERANGAN'),
('5171010005', '5171010', 'SIDAKARYA'),
('5171010006', '5171010', 'PANJER'),
('5171010007', '5171010', 'RENON'),
('5171010008', '5171010', 'SANUR KAUH'),
('5171010009', '5171010', 'SANUR'),
('5171010010', '5171010', 'SANUR KAJA'),
('5171020001', '5171020', 'DANGIN PURI KLOD'),
('5171020002', '5171020', 'SUMERTA KELOD'),
('5171020003', '5171020', 'KESIMAN'),
('5171020004', '5171020', 'KESIMAN PETILAN'),
('5171020005', '5171020', 'KESIMAN KERTALANGU'),
('5171020006', '5171020', 'SUMERTA'),
('5171020007', '5171020', 'SUMERTA KAJA'),
('5171020008', '5171020', 'SUMERTA KAUH'),
('5171020010', '5171020', 'DANGIN PURI'),
('5171020014', '5171020', 'PENATIH'),
('5171020015', '5171020', 'PENATIH DANGIN PURI'),
('5171030001', '5171030', 'PADANGSAMBIAN KLOD'),
('5171030002', '5171030', 'PEMECUTAN KLOD'),
('5171030003', '5171030', 'DAUH PURI KAUH'),
('5171030004', '5171030', 'DAUH PURI KLOD'),
('5171030005', '5171030', 'DAUH PURI'),
('5171030006', '5171030', 'DAUH PURI KANGIN'),
('5171030007', '5171030', 'PEMECUTAN'),
('5171030008', '5171030', 'TEGAL HARUM'),
('5171030009', '5171030', 'TEGAL KERTHA'),
('5171030010', '5171030', 'PADANGSAMBIAN'),
('5171030011', '5171030', 'PADANGSAMBIAN KAJA'),
('5171031001', '5171031', 'PEMECUTAN KAJA'),
('5171031002', '5171031', 'DAUH PURI KAJA'),
('5171031003', '5171031', 'DANGIN PURI KAUH'),
('5171031004', '5171031', 'DANGIN PURI KAJA'),
('5171031005', '5171031', 'DANGIN PURI KANGIN'),
('5171031006', '5171031', 'TONJA'),
('5171031007', '5171031', 'PEGUYANGAN'),
('5171031009', '5171031', 'UBUNG  KAJA'),
('5171031010', '5171031', 'PEGUYANGAN KAJA'),
('5171031011', '5171031', 'PEGUYANGAN KANGIN');

-- --------------------------------------------------------

--
-- Struktur dari tabel `orangtuasiswa`
--

CREATE TABLE `orangtuasiswa` (
  `id_ortu` int(11) NOT NULL,
  `id_siswa` int(11) DEFAULT NULL,
  `nama_ortu` varchar(100) DEFAULT NULL,
  `notlp_ortu` varchar(20) DEFAULT NULL
) ENGINE=InnoDB DEFAULT CHARSET=utf8mb4;

--
-- Dumping data untuk tabel `orangtuasiswa`
--

INSERT INTO `orangtuasiswa` (`id_ortu`, `id_siswa`, `nama_ortu`, `notlp_ortu`) VALUES
(1, 23, 'Wina Artha', '0765'),
(8, 24, 'Karel', '0765'),
(10, 29, 'Karel', '087');

-- --------------------------------------------------------

--
-- Struktur dari tabel `reservasi`
--

CREATE TABLE `reservasi` (
  `id_res` int(11) NOT NULL,
  `id_siswa` int(11) DEFAULT NULL,
  `id_tutor` int(11) DEFAULT NULL,
  `durasi` varchar(20) DEFAULT NULL,
  `mapel` varchar(30) DEFAULT NULL,
  `lokasibelajar` varchar(255) DEFAULT NULL,
  `diterima` smallint(6) DEFAULT 0
) ENGINE=InnoDB DEFAULT CHARSET=utf8mb4;

--
-- Dumping data untuk tabel `reservasi`
--

INSERT INTO `reservasi` (`id_res`, `id_siswa`, `id_tutor`, `durasi`, `mapel`, `lokasibelajar`, `diterima`) VALUES
(1, 23, 4, '120menit', 'IPA', 'dirumahku aja ya', 1),
(6, 23, 4, '90menit', 'Matematika', 'sssfdsdsdsdf', 0),
(7, 23, 13, '90menit', 'Matematika', 'asdasd', 0),
(8, 29, 4, '120menit', 'IPA', 'disini', 0);

-- --------------------------------------------------------

--
-- Struktur dari tabel `riwayatpendidikan`
--

CREATE TABLE `riwayatpendidikan` (
  `id_riwayat` int(11) NOT NULL,
  `id_tutor` int(11) DEFAULT NULL,
  `pendidikan_terakhir` varchar(255) DEFAULT NULL,
  `keterangan_pendidikan` varchar(255) DEFAULT NULL,
  `perguruan_tinggi` varchar(255) DEFAULT NULL,
  `prodi` varchar(255) DEFAULT NULL,
  `ipk` float DEFAULT NULL,
  `ijasah` varchar(255) DEFAULT NULL
) ENGINE=InnoDB DEFAULT CHARSET=utf8mb4;

--
-- Dumping data untuk tabel `riwayatpendidikan`
--

INSERT INTO `riwayatpendidikan` (`id_riwayat`, `id_tutor`, `pendidikan_terakhir`, `keterangan_pendidikan`, `perguruan_tinggi`, `prodi`, `ipk`, `ijasah`) VALUES
(4, 4, 'D4/S1', 'Tamat', 'Universitas Udayana', 'Ilmu Komputer', 3.89, '25fd4b001e6e5d.pdf'),
(9, 13, 'D2', 'Tamat', 'Universitas Udayana', 'Tata Boga', 3.89, '25fd858802298d.pdf'),
(10, 14, 'SMAsederajat', 'Tamat', 'ITB', 'Ilmu Komputer', 3.89, '25fd8a6b82799d.pdf'),
(11, 15, 'D4/S1', 'Tamat', 'ITB', 'Tata Boga', 7.8, '25fdb879fb642e.jpg');

-- --------------------------------------------------------

--
-- Struktur dari tabel `siswa`
--

CREATE TABLE `siswa` (
  `id` int(11) NOT NULL,
  `nama` varchar(255) DEFAULT NULL,
  `notlp` varchar(255) DEFAULT NULL,
  `email` varchar(255) DEFAULT NULL,
  `username` varchar(255) DEFAULT NULL,
  `namapanggilan` varchar(255) DEFAULT NULL,
  `jk` varchar(255) DEFAULT NULL,
  `tempatlahir` varchar(255) DEFAULT NULL,
  `tanggallahir` date DEFAULT NULL,
  `jenjangpendidikan` varchar(255) DEFAULT NULL,
  `asalsekolah` varchar(255) DEFAULT NULL,
  `id_ortu` int(11) DEFAULT NULL,
  `kabupaten` char(4) DEFAULT NULL,
  `kecamatan` char(7) DEFAULT NULL,
  `kelurahan` char(10) DEFAULT NULL,
  `alamat` varchar(255) DEFAULT NULL,
  `foto` varchar(255) DEFAULT NULL
) ENGINE=InnoDB DEFAULT CHARSET=utf8mb4;

--
-- Dumping data untuk tabel `siswa`
--

INSERT INTO `siswa` (`id`, `nama`, `notlp`, `email`, `username`, `namapanggilan`, `jk`, `tempatlahir`, `tanggallahir`, `jenjangpendidikan`, `asalsekolah`, `id_ortu`, `kabupaten`, `kecamatan`, `kelurahan`, `alamat`, `foto`) VALUES
(23, 'siswa ABCD', '0826565', 'siswa@email.com', 'siswa', 'siswa loh', 'laki-laki', 'Jawa', '2020-12-29', '3 SMA', 'SD 8 BENOA', 1, '5103', '5103020', '5103020004', 'alamat sebenarnya', '15fd5e91cddbf7.jpg'),
(24, 'firda', '087', 'firda@emal.com', 'firda', 'Karel', 'laki-laki', 'Jawa', '2020-12-09', '2 SMA', 'SD 8 BENOA', 8, '5104', '5104020', '5104020007', 'asdz', '15fd6becb704ec.jpg'),
(29, 'siswa dua', '123', 'awa@gmail.com', 'sip', 'asasd', 'laki-laki', 'Jawa', '2020-12-07', '3 SMA', 'SD 8 BENOA', 10, '5101', '5101010', '5101010007', 'zxczxczc', '15fdb8d852a37a.jpg');

-- --------------------------------------------------------

--
-- Struktur dari tabel `tutor`
--

CREATE TABLE `tutor` (
  `id` int(11) NOT NULL,
  `nama` varchar(255) DEFAULT NULL,
  `notlp` varchar(255) DEFAULT NULL,
  `email` varchar(255) DEFAULT NULL,
  `username` varchar(255) DEFAULT NULL,
  `namapanggilan` varchar(255) DEFAULT NULL,
  `jk` varchar(255) DEFAULT NULL,
  `tempatlahir` varchar(255) DEFAULT NULL,
  `tanggallahir` date DEFAULT NULL,
  `kabupaten` char(4) DEFAULT NULL,
  `kecamatan` char(7) DEFAULT NULL,
  `kelurahan` char(10) DEFAULT NULL,
  `alamat` varchar(255) DEFAULT NULL,
  `foto` varchar(255) DEFAULT NULL,
  `status` smallint(6) DEFAULT 0,
  `buktibayar` varchar(255) DEFAULT NULL
) ENGINE=InnoDB DEFAULT CHARSET=utf8mb4;

--
-- Dumping data untuk tabel `tutor`
--

INSERT INTO `tutor` (`id`, `nama`, `notlp`, `email`, `username`, `namapanggilan`, `jk`, `tempatlahir`, `tanggallahir`, `kabupaten`, `kecamatan`, `kelurahan`, `alamat`, `foto`, `status`, `buktibayar`) VALUES
(4, 'tutor satu', '089', 'tutor@email.com', 'tutor', 'ini tutor', 'laki-laki', 'Jimbaran', '2020-12-17', '5103', '5103010', '5103010006', 'dirumah aja deh', '15fd4b001e6e58.jpg', 1, '35fd82852da77e.jpg'),
(13, 'Karel', '08545545', 'karel@rmail.com', 'karel', 'Karel', 'laki-laki', 'Denpasar', '2020-12-01', '5107', '5107050', '5107050007', 'zxczxc', '15fd858802298b.jpg', 0, NULL),
(14, 'Karel Leo', '08545545', 'awa@gmail.com', 'ari', 'Karel', 'laki-laki', 'Karangasem', '2020-12-09', '5106', '5106020', '5106020008', 'asdasd', '15fd8a6b827996.jpg', 0, NULL),
(15, 'Karel', '082247521875', 'asd@gmail.com', 'qwerty', 'Ekanad', 'perempuan', 'Karangasem', '2020-12-15', '5105', '5105010', '5105010007', 'xzczxczxczxczc', '15fdb879fb642c.jpg', 0, NULL);

-- --------------------------------------------------------

--
-- Struktur dari tabel `user`
--

CREATE TABLE `user` (
  `username` varchar(255) DEFAULT NULL,
  `password` varchar(255) DEFAULT NULL,
  `role` tinyint(4) DEFAULT NULL,
  `profileLengkap` smallint(6) DEFAULT 0,
  `verif` smallint(6) DEFAULT 0
) ENGINE=InnoDB DEFAULT CHARSET=utf8mb4;

--
-- Dumping data untuk tabel `user`
--

INSERT INTO `user` (`username`, `password`, `role`, `profileLengkap`, `verif`) VALUES
('siswa', '$2y$10$8Qp4ua45GnLFs3JXX7IBOeRkHnkNs5j/wSU.IHNlWDTgfJMxriRm6', 3, 3, 1),
('tutor', '$2y$10$OcmAaS6AJbu8PmiG6IV5Zeh2GzAQXdvBpSbQFvqP2MNBfusCjLUQe', 2, 4, 1),
('admin', '$2y$10$YPkpEMjh6/SxurwcpwH1i.7kTr5ebJfXD0yEJJOZgt6g.dZhFH9N.', 1, 0, 1),
('firda', '$2y$10$ZeswDiWK47cUandViC.rQuH5z8LVIgEukZ9V1dTQUTQfsp7SaVUnO', 3, 2, 1),
('karel', '$2y$10$yWBtJuR69NYIe.aODuwiDeu7/Z85u7JYOWOKcF7HyAT2.U4EjLsBG', 2, 4, 1),
('ari', '$2y$10$Jy4FP8Kp1wFEjCHCnFdO6eMR76gZKMkY0mW2TUf7/yqsiNNWnXM12', 2, 4, 0),
('qwerty', '$2y$10$ifA4MVfSIfhaqtmBPCifmujASh58ED8/KmXVzRAvdDC.Eyvvof/J.', 2, 4, 0),
('sip', '$2y$10$If5gP8MlWoPCKk9MwXnSwO87sG6JvbHX7WUT.EhE4v1bdyJ.xTWFy', 3, 3, 1);

--
-- Indexes for dumped tables
--

--
-- Indeks untuk tabel `deskripsitutor`
--
ALTER TABLE `deskripsitutor`
  ADD PRIMARY KEY (`id_deskripsi`),
  ADD KEY `id_tutor` (`id_tutor`);

--
-- Indeks untuk tabel `kabupaten`
--
ALTER TABLE `kabupaten`
  ADD PRIMARY KEY (`id`);

--
-- Indeks untuk tabel `kecamatan`
--
ALTER TABLE `kecamatan`
  ADD PRIMARY KEY (`id`),
  ADD KEY `id_kabupaten` (`id_kabupaten`);

--
-- Indeks untuk tabel `kelurahan`
--
ALTER TABLE `kelurahan`
  ADD PRIMARY KEY (`id`),
  ADD KEY `id_kecamatan` (`id_kecamatan`);

--
-- Indeks untuk tabel `orangtuasiswa`
--
ALTER TABLE `orangtuasiswa`
  ADD PRIMARY KEY (`id_ortu`),
  ADD KEY `id_siswa` (`id_siswa`);

--
-- Indeks untuk tabel `reservasi`
--
ALTER TABLE `reservasi`
  ADD PRIMARY KEY (`id_res`),
  ADD KEY `id_siswa` (`id_siswa`),
  ADD KEY `id_tutor` (`id_tutor`);

--
-- Indeks untuk tabel `riwayatpendidikan`
--
ALTER TABLE `riwayatpendidikan`
  ADD PRIMARY KEY (`id_riwayat`),
  ADD KEY `id_tutor` (`id_tutor`);

--
-- Indeks untuk tabel `siswa`
--
ALTER TABLE `siswa`
  ADD PRIMARY KEY (`id`),
  ADD UNIQUE KEY `email` (`email`) USING BTREE,
  ADD KEY `username` (`username`),
  ADD KEY `id_ortu` (`id_ortu`);

--
-- Indeks untuk tabel `tutor`
--
ALTER TABLE `tutor`
  ADD PRIMARY KEY (`id`),
  ADD UNIQUE KEY `email` (`email`) USING BTREE,
  ADD KEY `username` (`username`);

--
-- Indeks untuk tabel `user`
--
ALTER TABLE `user`
  ADD UNIQUE KEY `username` (`username`) USING BTREE;

--
-- AUTO_INCREMENT untuk tabel yang dibuang
--

--
-- AUTO_INCREMENT untuk tabel `deskripsitutor`
--
ALTER TABLE `deskripsitutor`
  MODIFY `id_deskripsi` int(11) NOT NULL AUTO_INCREMENT, AUTO_INCREMENT=11;

--
-- AUTO_INCREMENT untuk tabel `orangtuasiswa`
--
ALTER TABLE `orangtuasiswa`
  MODIFY `id_ortu` int(11) NOT NULL AUTO_INCREMENT, AUTO_INCREMENT=11;

--
-- AUTO_INCREMENT untuk tabel `reservasi`
--
ALTER TABLE `reservasi`
  MODIFY `id_res` int(11) NOT NULL AUTO_INCREMENT, AUTO_INCREMENT=9;

--
-- AUTO_INCREMENT untuk tabel `riwayatpendidikan`
--
ALTER TABLE `riwayatpendidikan`
  MODIFY `id_riwayat` int(11) NOT NULL AUTO_INCREMENT, AUTO_INCREMENT=12;

--
-- AUTO_INCREMENT untuk tabel `siswa`
--
ALTER TABLE `siswa`
  MODIFY `id` int(11) NOT NULL AUTO_INCREMENT, AUTO_INCREMENT=30;

--
-- AUTO_INCREMENT untuk tabel `tutor`
--
ALTER TABLE `tutor`
  MODIFY `id` int(11) NOT NULL AUTO_INCREMENT, AUTO_INCREMENT=16;

--
-- Ketidakleluasaan untuk tabel pelimpahan (Dumped Tables)
--

--
-- Ketidakleluasaan untuk tabel `deskripsitutor`
--
ALTER TABLE `deskripsitutor`
  ADD CONSTRAINT `deskripsitutor_ibfk_1` FOREIGN KEY (`id_tutor`) REFERENCES `tutor` (`id`);

--
-- Ketidakleluasaan untuk tabel `kecamatan`
--
ALTER TABLE `kecamatan`
  ADD CONSTRAINT `kecamatan_ibfk_1` FOREIGN KEY (`id_kabupaten`) REFERENCES `kabupaten` (`id`);

--
-- Ketidakleluasaan untuk tabel `kelurahan`
--
ALTER TABLE `kelurahan`
  ADD CONSTRAINT `kelurahan_ibfk_1` FOREIGN KEY (`id_kecamatan`) REFERENCES `kecamatan` (`id`);

--
-- Ketidakleluasaan untuk tabel `reservasi`
--
ALTER TABLE `reservasi`
  ADD CONSTRAINT `reservasi_ibfk_1` FOREIGN KEY (`id_siswa`) REFERENCES `siswa` (`id`),
  ADD CONSTRAINT `reservasi_ibfk_2` FOREIGN KEY (`id_tutor`) REFERENCES `tutor` (`id`);

--
-- Ketidakleluasaan untuk tabel `riwayatpendidikan`
--
ALTER TABLE `riwayatpendidikan`
  ADD CONSTRAINT `riwayatpendidikan_ibfk_1` FOREIGN KEY (`id_tutor`) REFERENCES `tutor` (`id`);

--
-- Ketidakleluasaan untuk tabel `siswa`
--
ALTER TABLE `siswa`
  ADD CONSTRAINT `siswa_ibfk_1` FOREIGN KEY (`username`) REFERENCES `user` (`username`),
  ADD CONSTRAINT `siswa_ibfk_2` FOREIGN KEY (`id_ortu`) REFERENCES `orangtuasiswa` (`id_ortu`);

--
-- Ketidakleluasaan untuk tabel `tutor`
--
ALTER TABLE `tutor`
  ADD CONSTRAINT `tutor_ibfk_1` FOREIGN KEY (`username`) REFERENCES `user` (`username`);
COMMIT;

/*!40101 SET CHARACTER_SET_CLIENT=@OLD_CHARACTER_SET_CLIENT */;
/*!40101 SET CHARACTER_SET_RESULTS=@OLD_CHARACTER_SET_RESULTS */;
/*!40101 SET COLLATION_CONNECTION=@OLD_COLLATION_CONNECTION */;
